user_id,Age_Encoded,Freq_Encoded,Season_Encoded,Budget_Index,Adventure_Score,Culture_Score,Foodie_Score,Family_Focus
1,2,2,0,0.44427365221960746,12,40,10,8
2,3,0,3,0.2078461018158817,32,44,76,4
3,0,1,3,0.976748165765214,23,14,2,2
4,2,1,3,0.11802372033324203,10,2,8,4
5,2,1,1,0.7634622025065188,16,10,59,9
6,3,1,0,0.7917398243096576,67,52,75,3
7,0,1,3,0.31929104445747997,46,45,86,7
8,0,1,0,0.7044025992517335,24,29,13,4
9,2,1,1,0.18363622994145096,93,56,96,9
10,1,2,3,0.3313425397888719,72,17,17,7
11,2,0,2,0.8091117894630385,20,50,72,8
12,2,1,1,0.8782175728301862,83,47,22,3
13,2,2,2,0.6476377713938122,82,65,73,6
14,2,2,0,0.5561545886384344,82,95,82,1
15,3,0,0,0.24337361855708228,11,7,46,5
16,0,1,1,0.15679812977123517,36,21,68,7
17,3,0,0,0.20588412562620279,41,5,46,6
18,3,1,2,0.30462157008648894,16,75,86,6
19,3,2,3,0.4075070517072288,47,56,29,7
20,2,2,3,0.44281857295988847,27,35,24,6
21,1,2,3,0.4116895917301032,40,78,27,4
22,0,2,1,0.31514979897753903,98,91,97,6
23,1,0,0,0.5587518220765283,46,56,24,9
24,3,1,2,0.8427574974096071,17,48,73,2
25,3,1,0,0.35173318462433134,77,44,77,4
26,1,0,0,0.9481483171920098,98,81,57,6
27,1,1,0,0.886002995551463,70,65,93,8
28,1,2,3,0.24558779021689867,12,76,40,1
29,3,1,2,0.807648361081385,81,44,24,3
30,3,2,2,0.61712864408599,12,78,77,6
31,0,0,0,0.6099178259542767,99,19,98,0
32,0,1,3,0.45193848675235704,30,63,47,1
33,3,0,3,0.5510376992638087,1,92,97,8
34,1,1,2,0.45746089968629,15,92,9,9
35,1,2,3,0.5857593568839485,8,66,98,6
36,0,0,3,0.6651550474953722,72,82,74,9
37,3,1,3,0.7068734257681436,37,2,10,6
38,0,2,1,0.5792330733034836,74,53,84,5
39,0,0,0,0.7492798605958585,53,77,20,2
40,2,0,2,0.22715024434795522,55,63,85,9
41,2,1,2,0.2907842418120147,85,39,44,2
42,2,1,1,0.8368615036668431,96,58,6,1
43,1,1,0,0.39027518006177364,99,54,80,5
44,3,2,2,0.12060444247850823,86,61,63,3
45,3,1,3,0.238412034701228,44,3,63,4
46,3,0,2,0.30125299104668013,33,59,1,2
47,3,0,3,0.9615905991051285,8,74,75,5
48,2,1,1,0.6157372860377643,87,94,41,2
49,1,1,3,0.9394576664286294,7,95,81,7
50,1,0,2,0.6176470154469624,6,90,53,8
51,2,2,2,0.5314189961240666,35,29,74,3
52,1,1,2,0.38235492207468647,17,1,15,8
53,2,1,1,0.645733849990038,2,61,17,6
54,3,0,1,0.22527822215577686,27,48,98,2
55,2,1,0,0.9084354645634354,69,8,58,6
56,3,2,2,0.8463991646271554,43,91,89,0
57,3,0,3,0.38577830308906336,20,30,15,2
58,0,1,1,0.9575177748411648,27,97,5,5
59,2,0,2,0.8426806906740113,53,60,56,3
60,0,1,2,0.6996761972515357,53,78,46,6
61,2,1,1,0.20958572001274733,64,47,47,2
62,2,1,0,0.5304106207432651,99,24,41,0
63,0,2,1,0.5554967993620757,20,35,75,8
64,0,2,1,0.3092962225288421,98,7,59,5
65,2,0,3,0.17196885492337177,12,72,76,7
66,1,1,3,0.7990512674245234,56,57,3,2
67,3,1,0,0.20983154691195555,48,44,1,7
68,0,2,2,0.6348616755055972,53,61,89,1
69,3,1,1,0.9428042564952945,9,38,58,3
70,1,2,0,0.8884946733382383,52,95,26,2
71,1,1,3,0.349977361374335,43,57,26,9
72,1,0,1,0.8663037737961388,46,80,78,0
73,0,1,2,0.10029925550844047,52,98,71,6
74,1,1,3,0.1159190286519315,73,82,6,9
75,0,2,3,0.6422978474585784,45,63,62,1
76,1,1,3,0.4283183972300766,12,43,45,3
77,3,1,0,0.4478147570432325,36,28,62,8
78,3,2,2,0.6079969816109942,23,58,11,5
79,2,0,1,0.27260421003267454,1,70,12,7
80,3,0,0,0.29057981559893054,85,91,42,1
81,2,2,0,0.5361414283169782,80,8,16,6
82,3,2,0,0.7788281899094768,99,91,62,5
83,0,2,3,0.6575479762668289,13,5,80,8
84,3,2,2,0.36761954341315506,9,28,35,6
85,2,2,0,0.48730345975802913,34,57,84,0
86,2,0,1,0.25359828269499857,24,16,7,7
87,1,0,2,0.16716683290337353,2,15,68,9
88,0,2,1,0.8044264366697343,16,86,89,2
89,3,1,2,0.33884866826937515,11,94,79,1
90,1,2,1,0.2599897490661234,53,2,35,2
91,3,1,3,0.7224562500123873,23,20,27,5
92,3,2,0,0.6562465068584674,28,63,92,2
93,1,2,1,0.6698706634121177,42,89,46,9
94,1,0,2,0.30600514436195225,24,35,75,4
95,1,1,0,0.3093809847064129,99,85,29,5
96,1,1,0,0.2987223668070752,59,61,22,7
97,1,0,2,0.25637733609606506,89,41,15,6
98,3,0,1,0.6901513053054906,64,75,13,7
99,1,0,3,0.8632142967244613,83,41,73,2
100,0,0,3,0.7518857227089951,27,60,70,3
101,2,1,1,0.8128842703844888,15,12,51,5
102,1,1,0,0.46431858617667987,46,10,36,6
103,1,2,0,0.6886682158347983,80,53,28,8
104,3,2,0,0.4188126164002971,91,15,66,0
105,1,0,0,0.572954159771776,57,7,14,7
106,1,0,1,0.5334713618813761,75,58,99,7
107,1,0,0,0.25919843062946896,26,56,46,5
108,3,2,2,0.44837088430206773,52,39,45,3
109,1,2,0,0.9674400479341159,41,58,51,2
110,2,2,3,0.32372223194344785,58,1,18,2
111,3,2,0,0.22042336265153983,46,93,76,5
112,2,2,1,0.47672255946154174,93,93,20,7
113,3,2,3,0.8113039622741333,33,75,63,6
114,1,2,1,0.6239334068019751,36,9,36,0
115,2,0,1,0.7128773445144201,5,43,26,5
116,3,0,3,0.2707253633572095,6,10,54,6
117,0,0,1,0.6570533737069494,95,78,28,6
118,1,0,1,0.3911503554203264,95,79,19,8
119,3,2,0,0.8508730293592908,24,80,24,9
120,0,1,2,0.6663689254096625,32,89,69,4
121,3,2,1,0.27897064999776633,54,1,62,0
122,0,1,1,0.15815501185967754,57,49,35,1
123,1,0,1,0.13836988835832947,6,11,1,3
124,2,2,0,0.4342677108851267,56,89,21,4
125,0,0,2,0.33926602298888214,11,22,95,8
126,3,2,3,0.6814811111162572,15,17,15,0
127,1,0,0,0.5494004514807564,79,61,17,2
128,0,1,0,0.33941735020484265,42,95,68,4
129,3,1,2,0.23431400015515852,99,61,53,2
130,3,1,2,0.21447978641870463,76,37,99,3
131,3,2,0,0.8781943529263759,6,66,29,2
132,0,1,3,0.3191301715643805,99,37,44,3
133,0,2,0,0.6865395831198715,50,66,18,0
134,0,1,2,0.8296173351876396,72,93,86,7
135,2,1,3,0.6526731800662625,31,60,33,3
136,0,2,2,0.8736087084822511,74,0,12,6
137,0,2,3,0.45315434937562704,7,93,42,1
138,0,1,1,0.9605999715840535,96,44,61,1
139,2,2,2,0.21983050376028723,86,95,92,5
140,0,1,2,0.1919345766917843,88,27,99,1
141,3,2,0,0.6928229315866992,71,20,21,5
142,0,0,2,0.9485480272719355,44,12,51,1
143,3,0,2,0.8279951154726952,85,26,51,3
144,3,0,1,0.1687751734942463,58,99,35,6
145,3,0,2,0.35143094254124474,3,6,72,7
146,2,0,1,0.9372869963540413,66,21,18,2
147,2,1,1,0.3277525895207061,28,73,37,8
148,2,0,1,0.8030533814082274,28,52,69,1
149,0,0,1,0.8426189763358334,97,78,78,7
150,3,0,3,0.5459068931148836,97,78,56,7
151,2,0,0,0.44771401886348394,27,3,19,3
152,2,2,3,0.5051119891777837,76,95,8,0
153,0,1,2,0.30426822492882777,78,22,31,0
154,2,0,3,0.9004518245159598,86,69,3,1
155,0,0,3,0.5055576910567822,43,87,49,8
156,1,0,2,0.8942134964104899,89,83,81,1
157,2,1,2,0.1951241319156467,3,83,4,1
158,1,2,2,0.9894477439001182,89,75,19,5
159,0,1,3,0.4989457786992565,8,32,86,6
160,3,2,3,0.14304773835469492,4,27,74,6
161,2,0,2,0.13421966341370944,55,7,36,8
162,0,0,0,0.7715865317336548,95,0,21,5
163,3,1,0,0.6931319807833127,83,36,57,7
164,3,1,1,0.8219175023148287,49,62,67,5
165,1,2,2,0.19483078055752537,74,21,92,1
166,0,2,1,0.1320137803319935,14,69,43,0
167,3,1,0,0.5577213605028206,31,20,33,4
168,2,2,1,0.4488357083344926,27,95,76,8
169,2,1,2,0.5157522430038602,21,34,41,7
170,1,2,2,0.9924295679832466,16,78,8,3
171,3,1,2,0.9736749619036031,58,4,94,4
172,0,1,3,0.9480838507058735,89,59,6,4
173,2,1,1,0.8054584090909065,70,45,67,5
174,3,2,0,0.41935722423120136,56,49,18,2
175,3,2,0,0.4709178372364945,25,47,93,4
176,1,2,0,0.594654439347032,24,5,30,1
177,2,1,3,0.8474810107643559,9,88,34,9
178,2,2,3,0.161841549266441,44,55,56,0
179,0,2,2,0.4818671972963994,82,58,84,0
180,2,1,0,0.17435589711334182,10,28,60,9
181,0,0,3,0.5631918279161604,76,70,30,6
182,2,1,2,0.9090107416056118,52,76,82,1
183,1,2,0,0.8042364321075441,71,17,94,3
184,2,1,1,0.305058175788799,67,1,52,4
185,0,0,2,0.9783917646389132,94,7,31,6
186,0,1,3,0.7006153582417856,27,74,65,1
187,1,2,3,0.10938492945766276,74,96,58,5
188,2,0,2,0.3298721362166976,64,53,9,0
189,2,2,2,0.3346419699279249,48,37,1,6
190,1,0,3,0.16232887565727394,46,47,65,8
191,2,0,1,0.9638438662683361,51,26,59,4
192,2,1,0,0.5304297651183314,87,19,87,4
193,0,1,1,0.9062331376346937,53,11,16,3
194,2,2,2,0.3899939531001655,59,42,95,2
195,2,1,1,0.21271021338954443,56,60,15,8
196,1,1,3,0.5269024989155925,46,30,15,4
197,1,0,2,0.20256097124288547,30,90,45,7
198,3,1,0,0.537413952679786,45,95,38,8
199,0,0,3,0.928267463097467,25,60,30,4
200,2,0,3,0.5686913276507914,4,73,87,9
201,2,0,0,0.6548497542055751,83,66,0,8
202,3,2,0,0.24097459327642748,51,90,10,1
203,2,2,1,0.13936206329197254,74,34,84,8
204,0,2,2,0.19972716596182633,53,94,3,3
205,3,0,0,0.6386784181159291,32,14,70,5
206,0,2,0,0.1855105290930742,49,15,25,5
207,3,2,2,0.4383936009471803,37,12,49,5
208,3,1,0,0.5950827464123404,26,34,11,1
209,1,2,0,0.4497875187668623,97,74,94,6
210,0,2,1,0.24731542131877135,14,58,80,5
211,2,0,3,0.34641217676269587,95,20,96,0
212,2,0,3,0.9354857795637193,60,53,74,1
213,0,0,3,0.7083840480277198,20,74,91,6
214,2,0,3,0.5464430548118979,45,29,95,0
215,2,0,0,0.11144340098820417,68,47,64,0
216,0,0,2,0.9931738604405231,5,34,46,0
217,3,2,2,0.7043094414051789,37,85,91,7
218,0,0,1,0.3852302296104505,61,37,52,3
219,3,0,1,0.8913417939980544,85,30,70,3
220,2,1,0,0.3325884582626363,61,77,1,1
221,2,2,2,0.5896149212644765,81,23,23,0
222,2,2,2,0.6724636873568426,77,48,3,9
223,1,2,3,0.29895703430835563,73,95,18,8
224,3,0,0,0.9805575509205363,45,99,25,6
225,1,0,0,0.7733727153810978,12,31,74,3
226,1,0,3,0.6020319029599629,94,54,39,5
227,0,1,0,0.2625351383577708,93,78,49,1
228,1,0,0,0.1484723862982235,2,57,42,6
229,0,1,1,0.3880538492688851,93,98,74,1
230,0,2,2,0.7778686023220626,5,2,66,9
231,1,0,0,0.3423981684718226,92,79,11,7
232,3,1,1,0.5856005984459546,7,68,66,7
233,3,1,2,0.7551524590576688,43,84,26,0
234,3,0,3,0.19714934318181793,32,9,53,7
235,3,2,1,0.7167682145042861,80,82,65,1
236,3,2,1,0.18268379893904024,74,24,48,5
237,1,2,2,0.9686167679142969,76,67,15,0
238,1,1,3,0.5395547170584456,49,60,1,4
239,2,1,1,0.23560849693888966,10,28,59,6
240,3,1,0,0.40814527243019183,94,18,53,9
241,1,1,0,0.47207480436573535,27,42,29,0
242,2,2,0,0.7823665099688836,69,65,83,1
243,3,0,3,0.7690814074689484,40,73,37,6
244,0,1,1,0.6507464548035979,15,60,27,5
245,2,1,0,0.19533764130264367,67,42,24,2
246,1,2,3,0.23641243442890625,98,24,95,9
247,0,0,0,0.18438122858100098,47,19,9,1
248,0,0,2,0.6194555049587951,55,47,59,9
249,0,2,1,0.8894245973602636,63,82,41,3
250,2,2,1,0.4904204610292946,58,86,39,2
251,1,0,3,0.2447633565619716,89,23,96,6
252,0,1,3,0.6022380926340704,61,10,76,7
253,3,0,1,0.8305769951791389,75,97,41,1
254,0,2,0,0.767540855361637,10,54,46,9
255,0,1,0,0.8933057017075192,88,27,36,6
256,2,1,2,0.35011188752398104,17,68,79,7
257,2,2,0,0.2745584805409974,18,62,21,5
258,1,2,3,0.8918348373477448,86,58,56,5
259,3,2,3,0.6918042815002208,54,4,83,9
260,2,0,0,0.3798360370067988,81,50,26,0
261,0,0,3,0.7681132455152583,25,20,40,3
262,1,1,1,0.8336065460323311,5,11,79,0
263,0,2,1,0.6534804163070191,3,49,33,3
264,0,1,0,0.7190956988919236,28,3,31,1
265,2,1,1,0.43773391399839967,58,41,89,4
266,1,1,1,0.5848261006087352,97,83,88,9
267,3,1,2,0.5717432536535461,16,37,65,8
268,3,2,2,0.8632430120176947,42,24,11,9
269,2,1,1,0.8559675822539643,79,13,39,2
270,2,2,0,0.8494124224123388,65,74,72,7
271,1,2,2,0.10992845283621921,33,31,75,2
272,3,0,3,0.7745909360219995,7,10,89,5
273,3,2,3,0.7828087510999043,12,60,72,3
274,3,0,3,0.7105409405696277,7,17,9,7
275,0,2,0,0.7806381921023073,93,26,95,5
276,3,2,1,0.8577733343470378,95,54,97,7
277,0,2,3,0.5232871486916071,99,53,47,0
278,1,0,0,0.5518451921396025,93,81,19,5
279,0,0,2,0.21224265122025143,64,86,38,0
280,1,1,1,0.4468382947426256,42,74,59,0
281,3,0,2,0.6790286619206058,38,20,65,7
282,3,0,0,0.802359798532547,80,43,64,6
283,1,0,3,0.29548818792208953,58,4,50,2
284,2,0,3,0.22404060924331187,83,86,35,5
285,1,1,0,0.6967378040504429,87,40,23,8
286,2,0,3,0.10169189517241958,85,58,26,6
287,0,2,1,0.2605353258765969,92,88,1,2
288,0,2,0,0.12616424230955836,85,53,30,5
289,0,0,2,0.2501966060693839,43,73,56,3
290,3,0,0,0.2631873519329547,8,21,77,2
291,0,2,1,0.4489062352753548,36,82,65,8
292,2,2,1,0.4620944122179004,73,64,28,9
293,0,1,0,0.886836223549214,35,63,14,1
294,1,2,0,0.5590987412489427,91,70,11,0
295,1,2,3,0.7510642890510576,27,3,27,1
296,3,0,1,0.19372362212825872,41,64,83,6
297,1,2,0,0.30289487991732444,42,14,23,9
298,2,1,0,0.7326490968808091,84,75,20,0
299,0,2,1,0.1475235644216753,87,21,9,5
300,3,0,0,0.5379378960193778,41,85,77,6
301,0,0,3,0.6394320690966404,65,46,17,8
302,0,2,1,0.641931079647233,54,80,87,7
303,2,0,3,0.12063953014123784,71,92,13,5
304,1,1,3,0.389897203806267,47,45,33,2
305,1,1,3,0.6728415859442386,90,13,57,7
306,0,2,3,0.2340997625343191,21,49,75,6
307,3,2,1,0.725874083495248,26,19,21,2
308,1,2,3,0.771332687932307,92,49,69,8
309,3,0,3,0.9837722714015308,66,32,35,1
310,1,1,0,0.2888577953707685,12,58,44,2
311,3,1,1,0.8426176008995037,44,42,35,1
312,2,0,1,0.5682669192267886,9,78,21,0
313,3,1,2,0.4361163365297561,99,11,77,3
314,2,2,1,0.21013908159266015,8,39,79,4
315,2,2,1,0.7619550458387838,53,19,60,5
316,3,2,2,0.3122718392293184,26,93,99,4
317,2,1,1,0.4342798016857412,33,37,55,0
318,0,2,1,0.15628800420763161,0,2,88,2
319,2,0,1,0.8212302242375671,31,27,95,0
320,1,0,1,0.789929671574479,88,55,32,4
321,3,1,2,0.7602542470380812,92,89,44,4
322,0,0,1,0.36949915944269807,70,93,35,5
323,3,0,1,0.2561320668393615,66,12,19,7
324,1,1,2,0.6737979380232068,83,76,17,9
325,1,2,0,0.5465497457018975,19,65,37,0
326,1,2,3,0.2604272202141774,93,36,66,3
327,2,2,0,0.7173201439448773,34,48,22,9
328,2,1,2,0.9920137886391733,98,65,95,0
329,3,0,3,0.7724976289678339,90,35,15,8
330,3,2,2,0.7659877480170506,89,53,58,6
331,0,2,2,0.9552814776375326,77,25,68,6
332,0,1,1,0.282642730817412,16,74,67,4
333,3,2,3,0.6089949684292963,17,71,20,6
334,2,1,1,0.9816820435304952,44,39,77,1
335,1,0,3,0.2487646998731571,92,42,94,3
336,3,1,2,0.7302267635000689,83,21,77,6
337,0,1,2,0.6272291313747117,52,19,69,2
338,2,1,0,0.6278311829698363,90,7,11,1
339,3,1,3,0.7279035647680676,81,28,15,9
340,3,0,1,0.9366552305881157,67,39,80,1
341,2,0,0,0.8043237458662041,64,89,86,0
342,3,2,0,0.150522493074589,0,29,13,4
343,2,0,0,0.8674552178881401,57,80,60,5
344,1,0,1,0.30298719693315934,25,83,70,5
345,2,2,0,0.4392227482627348,19,54,45,8
346,2,0,1,0.5155595322511439,86,15,31,3
347,2,1,0,0.5328154006777627,9,45,14,0
348,3,1,1,0.49166235932982116,58,61,43,5
349,3,2,2,0.943617964794278,74,6,16,4
350,2,2,2,0.7354171068976221,40,79,40,9
351,3,2,2,0.6680535813610358,4,44,53,5
352,0,1,2,0.14485782500464742,64,58,43,2
353,0,0,2,0.9135219972343372,16,55,97,1
354,3,1,0,0.9184511728075566,21,47,4,5
355,3,2,0,0.8021917570870921,97,26,26,0
356,2,0,0,0.10632628343225725,40,52,86,6
357,1,0,1,0.15155222596986104,92,86,77,6
358,3,1,1,0.3027013320416408,67,87,78,9
359,0,2,1,0.21821446733041605,68,72,42,6
360,2,1,1,0.45895242673335657,10,34,96,9
361,3,0,2,0.9303607522790107,55,50,30,0
362,0,1,2,0.5248543907772985,50,83,98,3
363,0,1,2,0.11206236378894906,20,36,16,6
364,1,2,3,0.3544711206208858,98,80,91,8
365,2,2,0,0.14013541753566539,75,94,82,4
366,2,0,1,0.13265886035215196,25,56,53,1
367,1,1,1,0.34814786778599704,18,7,61,6
368,1,1,2,0.3480511048110509,59,78,86,9
369,2,1,1,0.8084139423414436,70,94,31,0
370,2,0,1,0.9773511875030008,46,93,39,6
371,3,0,0,0.43408638450099846,70,19,12,5
372,3,2,2,0.4859981909749348,25,52,83,6
373,1,2,0,0.8603104926574193,39,11,34,9
374,3,2,3,0.34132511808596205,4,48,4,2
375,0,1,3,0.24074362396310317,20,16,72,2
376,3,1,3,0.8677806610632854,77,63,28,6
377,3,2,2,0.14185052779605895,3,41,69,1
378,0,1,1,0.6577294961794741,22,93,24,0
379,1,2,2,0.6057935627201261,83,28,94,8
380,0,0,2,0.4113284027515248,14,18,21,8
381,3,2,1,0.3836705689876231,92,10,65,6
382,1,0,0,0.7946719535634592,7,97,44,6
383,3,1,3,0.17778214968629186,40,49,68,2
384,0,2,0,0.31310587838024684,18,70,90,9
385,0,1,3,0.7592038586542807,45,57,88,1
386,3,0,2,0.5934885253537818,27,33,71,6
387,2,0,3,0.21518938768022777,90,19,0,8
388,2,0,2,0.8939220528538541,67,49,83,0
389,0,1,0,0.4541030619072324,14,87,43,3
390,0,1,2,0.8450815377899555,98,9,86,5
391,2,1,0,0.8089417139749377,36,31,95,6
392,2,1,1,0.6619829018245552,0,51,74,9
393,3,0,1,0.5450330181655837,66,14,38,6
394,3,0,1,0.9815957563435812,23,83,53,9
395,2,2,2,0.23046856514183534,26,2,87,1
396,3,2,1,0.7526401547960033,39,36,74,3
397,3,1,3,0.27207163131831014,62,39,28,4
398,1,0,0,0.40443679479911354,60,71,53,0
399,3,0,0,0.37782886903587576,35,39,89,0
400,0,0,3,0.9523323889648507,97,55,15,9
401,3,2,2,0.9706205600094476,92,22,98,2
402,3,2,2,0.2647138998112545,23,10,19,9
403,2,0,0,0.11983164426775378,23,63,45,2
404,0,0,1,0.7480072356968018,3,7,66,7
405,3,0,2,0.4761909404834359,66,92,64,8
406,3,2,2,0.17995622057880795,33,93,57,0
407,1,0,3,0.7153786950193383,56,55,52,1
408,3,0,3,0.5905949754346297,48,59,0,9
409,3,1,1,0.9824651398009954,86,9,80,1
410,1,1,2,0.30466854627524104,52,38,65,3
411,2,2,2,0.46358008869389344,22,27,28,1
412,3,0,3,0.5882912230558807,68,48,83,6
413,1,0,2,0.8125299896080165,94,35,69,8
414,0,1,0,0.5939547910480528,52,12,7,6
415,2,2,3,0.6516101447757543,61,95,28,5
416,0,1,1,0.3035323464309467,40,35,50,9
417,0,1,3,0.8622268552797039,56,25,32,0
418,1,1,2,0.4857674922734282,59,85,2,9
419,3,1,1,0.22686366476959235,53,3,59,8
420,1,0,3,0.6977691230548756,69,94,34,4
421,1,0,0,0.2944814078667768,56,81,68,4
422,1,1,0,0.18780625921536975,9,63,90,5
423,1,2,3,0.8757882175638451,39,37,75,8
424,2,2,0,0.5141460380395957,6,87,83,7
425,3,2,0,0.7743553414261988,37,86,19,7
426,0,2,0,0.3615288038257196,84,21,72,7
427,0,1,1,0.8082731214258997,60,1,38,0
428,3,0,0,0.2007423343193773,83,30,3,0
429,0,2,0,0.42037603641536747,2,10,18,7
430,3,1,0,0.9802556361761757,50,91,90,4
431,0,2,1,0.8145907447312055,85,45,44,8
432,1,2,3,0.5475303372832194,46,95,42,1
433,0,1,2,0.40579972440569656,67,61,12,8
434,3,0,0,0.8849221300202289,91,68,12,7
435,3,0,3,0.5903629831760641,75,63,59,8
436,3,1,0,0.7825825160822,37,9,56,3
437,3,0,1,0.7786969122845476,35,39,85,0
438,3,1,3,0.11615111071164265,40,23,91,0
439,2,1,1,0.21362840451335213,68,98,51,4
440,2,1,0,0.693666429755268,12,43,52,1
441,0,0,0,0.2454578301572843,86,59,85,7
442,3,1,1,0.32994401019004427,57,61,42,9
443,0,2,2,0.9519741587796464,49,86,82,4
444,3,0,1,0.6041640325374207,29,16,71,4
445,3,0,0,0.7756565562994124,61,64,71,1
446,2,0,1,0.6021826649043759,24,94,41,6
447,2,0,2,0.5972622533044527,26,94,89,7
448,1,2,1,0.1847367191131281,50,56,25,9
449,2,0,2,0.40929687334819276,77,54,22,0
450,1,0,2,0.3541878088178606,56,52,42,1
451,1,1,1,0.4516555290522519,46,55,76,9
452,1,0,1,0.8185097694018955,99,97,27,3
453,1,2,3,0.4347394011251784,38,8,8,4
454,1,2,0,0.5065271373085144,15,21,19,1
455,0,2,2,0.45764325143678486,21,12,55,0
456,2,2,3,0.18406717477776605,84,88,82,8
457,1,0,1,0.4969649424257053,53,47,38,0
458,3,0,0,0.27604834574006354,20,17,50,3
459,2,2,3,0.2680509661957373,71,75,11,1
460,2,2,2,0.18463249399083972,15,39,78,3
461,1,0,3,0.4210038767275883,58,16,94,7
462,0,2,2,0.7817336963104756,30,14,54,7
463,1,1,1,0.3487975215250565,41,14,77,8
464,0,2,0,0.38111419169696226,73,78,10,4
465,3,2,0,0.6784071919051813,31,62,25,6
466,2,1,0,0.27625673132822703,58,38,41,2
467,3,1,1,0.9072621373811809,33,12,26,9
468,0,0,2,0.5681714709263991,8,80,10,3
469,0,0,1,0.5028426462881953,80,31,37,9
470,3,1,0,0.6020381727362812,10,8,97,8
471,0,1,1,0.24943088207457592,95,39,42,9
472,3,0,1,0.6521258247752587,9,19,18,9
473,2,2,1,0.4267906629706094,85,89,63,0
474,3,1,2,0.907467706868157,16,90,5,1
475,2,0,3,0.25196878600991757,67,84,45,4
476,3,2,3,0.556345993478897,47,81,41,2
477,0,1,1,0.6383013664321162,51,76,91,1
478,3,2,3,0.1300452416077431,24,79,64,0
479,0,0,3,0.4273238122805262,20,72,98,9
480,3,1,1,0.7593717112307495,64,62,71,2
481,3,2,1,0.838339756704076,62,75,58,0
482,1,1,0,0.3818457953355542,88,43,51,0
483,0,2,3,0.8187339451444761,50,37,46,0
484,1,0,2,0.9709802893930499,35,82,6,7
485,0,0,1,0.8711865424675846,80,59,10,2
486,1,1,0,0.20587958934339268,87,70,60,0
487,2,2,2,0.7657572988769865,65,98,67,6
488,3,1,3,0.3877001491964903,14,47,24,9
489,0,1,0,0.9895743904708689,95,17,11,2
490,0,2,1,0.5368230848438984,38,15,25,7
491,3,2,2,0.21019050852304694,69,54,11,3
492,0,2,1,0.7526669932246517,0,38,42,3
493,0,0,3,0.39071007854759243,22,67,50,4
494,1,1,2,0.9973703413734956,38,58,36,5
495,0,1,3,0.9818042120690696,56,88,45,6
496,2,0,3,0.6905206162185226,80,95,52,3
497,2,2,0,0.21684380405654582,33,61,87,7
498,3,0,1,0.7181748979075262,40,12,79,5
499,0,0,2,0.1837274378140245,92,80,12,0
500,3,0,3,0.12642774319215308,72,5,88,0
501,2,1,3,0.8406626015993375,12,82,53,8
502,0,0,2,0.2887776529153132,69,76,56,9
503,0,1,3,0.4411244135971877,5,59,3,5
504,3,1,0,0.9761116509785558,83,89,74,9
505,2,1,0,0.4031564516749929,51,13,95,7
506,0,2,0,0.3668408031549838,2,94,48,6
507,3,1,0,0.9263871996604977,80,53,6,5
508,2,1,3,0.1996736007870623,62,3,10,3
509,3,2,2,0.7836241691031686,48,38,91,6
510,1,1,2,0.9892590099874966,75,71,53,8
511,0,0,2,0.911166409697184,46,24,86,9
512,1,0,2,0.6865011268357833,54,76,44,9
513,2,1,1,0.38265471549345875,63,31,22,6
514,1,2,2,0.32888978306048505,64,58,27,0
515,1,0,1,0.837329594384315,80,62,56,9
516,2,2,1,0.8918397225565258,66,37,25,8
517,3,2,0,0.5728914212911236,89,91,24,3
518,1,0,1,0.3199059467078196,14,52,53,2
519,3,2,3,0.20164888757005622,99,93,28,3
520,1,0,1,0.17846152104864804,31,66,82,3
521,3,2,0,0.74716970261847,95,27,96,9
522,2,0,1,0.4781068550629525,67,2,35,1
523,1,1,3,0.9148238868500833,17,97,13,0
524,2,0,3,0.7657041706540874,82,79,77,9
525,1,0,3,0.2721343761231281,42,21,34,0
526,2,0,0,0.6523996769341291,34,95,29,7
527,2,0,0,0.4919549089583435,77,37,91,1
528,1,2,2,0.6195247576917517,57,71,16,9
529,1,1,0,0.7642622110046654,32,71,66,4
530,1,0,3,0.8255762929034117,13,61,79,3
531,0,2,3,0.8593635937660519,33,56,29,7
532,3,1,0,0.32857738711482226,60,5,92,1
533,0,1,1,0.12800403992562193,3,77,44,9
534,0,1,0,0.7653652616482959,87,31,78,8
535,2,1,0,0.19570935363019715,58,98,88,6
536,1,0,3,0.3834276297516709,28,9,50,6
537,3,0,2,0.10343542071191243,82,2,46,0
538,2,2,3,0.713502534161458,5,58,52,1
539,0,2,2,0.25041881032409913,96,75,63,3
540,1,2,3,0.6897541687224924,48,48,37,3
541,2,1,0,0.9925683554510549,39,58,63,2
542,1,1,3,0.16540378444901466,82,30,86,6
543,2,0,3,0.16937021075631464,64,92,88,7
544,1,1,3,0.40634208340000744,68,68,6,1
545,0,1,0,0.8797478628262079,26,61,21,3
546,3,1,0,0.2939768819121987,79,51,80,2
547,0,2,0,0.4243400379373128,5,88,81,1
548,3,2,0,0.16165486596428164,12,40,40,5
549,1,0,2,0.7868397621330004,63,30,73,3
550,2,1,2,0.46747570848350606,61,84,9,5
551,0,1,1,0.7833238597547586,98,83,56,1
552,3,0,0,0.9132470599121155,18,21,6,3
553,0,1,2,0.3094868323911599,75,3,49,5
554,3,1,3,0.8266564273059562,79,12,90,4
555,0,2,0,0.15318450107042797,42,44,51,2
556,3,0,1,0.9089626493622226,73,41,32,7
557,3,0,1,0.6856916928028726,88,48,0,6
558,1,0,1,0.8868040517245164,19,19,52,2
559,3,0,3,0.10016955960092372,94,76,59,5
560,1,2,2,0.2521729633203933,67,80,33,3
561,3,2,3,0.4507834486838429,43,53,3,4
562,2,1,0,0.4415526130372468,22,35,16,4
563,2,1,1,0.30405734463115963,1,96,3,6
564,2,1,3,0.44345074588048006,21,0,42,4
565,3,1,3,0.21596384080022935,56,14,89,2
566,1,2,2,0.4714850163394234,71,76,3,9
567,1,0,2,0.8221188962433378,6,16,0,4
568,3,2,1,0.5311630567930161,77,23,70,6
569,2,1,3,0.11620008005069349,55,57,93,4
570,2,2,3,0.47929963742132264,66,71,49,4
571,1,0,2,0.12445751448175975,15,90,72,8
572,2,0,3,0.9696190696361183,82,22,60,2
573,0,2,3,0.2147085634805821,50,45,34,5
574,1,2,3,0.7369194936975568,81,71,7,0
575,2,2,2,0.9754986906028772,79,7,23,9
576,1,1,1,0.8434351464999147,71,58,82,4
577,0,2,0,0.7293838376135833,96,89,35,7
578,1,2,1,0.8555148185506902,11,58,49,4
579,1,2,0,0.9836188239345649,52,12,42,8
580,1,0,3,0.6592100475281766,74,38,26,5
581,1,0,1,0.6032663261463939,4,27,31,7
582,0,1,0,0.6654142994169532,26,88,77,9
583,3,1,2,0.5794082980853995,11,60,17,7
584,1,0,2,0.6715801953187469,16,15,27,2
585,1,0,1,0.5048579871753034,5,1,28,6
586,2,0,1,0.2965988645949764,96,81,15,6
587,1,2,3,0.20822250386050806,4,16,98,9
588,2,2,1,0.16150684197903437,56,29,46,5
589,3,0,3,0.3369842053778801,27,12,58,6
590,0,2,3,0.14151120790216046,77,95,30,1
591,0,2,2,0.610453701927447,68,92,3,8
592,3,1,2,0.3554456023211683,58,93,36,9
593,0,0,0,0.842081327278329,32,81,16,9
594,3,0,2,0.1668167856895478,61,12,38,0
595,3,2,2,0.30371634490733734,49,42,47,0
596,3,0,1,0.7572215323811313,18,84,45,2
597,0,1,2,0.6389274667451422,85,93,89,2
598,2,1,0,0.1580421441242508,68,20,47,0
599,3,1,1,0.8895155114459804,65,54,38,6
600,1,0,0,0.8895355865435616,93,80,3,3
601,0,0,2,0.39736720348819643,46,39,29,9
602,3,0,0,0.4063652590146083,38,82,29,1
603,3,0,1,0.9901255225151565,67,14,21,9
604,1,0,3,0.6635585544338244,32,72,74,4
605,2,1,0,0.5781848685112532,12,51,65,5
606,2,2,0,0.854336965196732,83,73,11,8
607,2,1,1,0.35676130452158483,53,94,93,3
608,3,0,1,0.4862643340567212,6,52,35,1
609,3,1,0,0.3409990079395008,78,86,17,4
610,3,0,2,0.8102447619298583,86,51,89,2
611,0,0,0,0.6160144110716962,13,29,52,1
612,1,1,1,0.6929425631260635,86,32,70,0
613,3,0,3,0.3270765248554659,18,56,0,9
614,1,2,3,0.2982027712395836,53,51,57,1
615,1,0,2,0.5395371660846449,92,8,89,5
616,2,2,0,0.7638091741835441,19,53,86,7
617,0,2,3,0.5727157817681442,28,0,89,2
618,3,0,0,0.12938110979110176,23,43,5,8
619,2,1,1,0.8816963556882599,81,98,69,8
620,2,2,3,0.15821820416361843,62,74,43,1
621,3,1,2,0.960242035348677,73,97,71,7
622,1,2,1,0.12262776244954546,56,79,23,9
623,2,0,2,0.7250054105176379,7,8,85,4
624,1,0,1,0.1739863573406035,89,31,18,3
625,0,2,3,0.9196089214916257,61,14,17,9
626,1,0,2,0.5179899126029885,28,11,94,4
627,0,2,2,0.22377139733531387,73,96,29,3
628,1,0,1,0.406734129810862,16,77,41,7
629,2,1,2,0.24834220781208585,65,56,32,3
630,2,0,1,0.25352372040138105,5,7,73,9
631,0,1,1,0.9532974881542979,57,71,11,5
632,3,0,1,0.5007215010563094,68,26,93,1
633,0,1,1,0.8099220375148236,27,61,26,4
634,0,0,3,0.6756450050599137,61,11,38,5
635,1,1,1,0.708783726104553,40,64,8,4
636,1,2,0,0.21852409462483469,68,41,20,1
637,0,2,2,0.3107660021339371,81,61,75,6
638,2,1,0,0.8080753016389932,89,10,28,3
639,1,0,3,0.9736895858273047,83,42,32,7
640,3,1,0,0.33640807833878655,40,94,61,6
641,1,0,2,0.3444118882759359,48,16,14,6
642,1,2,0,0.5256074195298144,90,96,1,8
643,3,0,3,0.9854562815698941,48,31,51,0
644,0,2,1,0.34206305124382397,75,92,43,9
645,3,0,0,0.4662747186708375,70,84,53,5
646,0,0,3,0.902332014061156,2,84,17,5
647,0,0,3,0.10262892935922581,9,39,2,5
648,0,1,2,0.1357893684897126,97,22,6,5
649,3,1,2,0.6436645093640972,88,55,42,9
650,0,2,0,0.9166421482415623,34,5,81,6
651,2,2,1,0.3149709943617349,79,85,37,9
652,3,1,3,0.5226775972126381,1,49,36,5
653,2,2,0,0.5054187714920365,23,36,57,0
654,0,1,3,0.5256742114859592,73,63,32,2
655,1,0,3,0.6602677261567707,37,53,58,1
656,0,2,1,0.5227693866916154,21,71,94,5
657,2,2,1,0.502721327190212,25,48,10,7
658,2,1,0,0.5268595783881345,42,98,67,2
659,3,2,1,0.6317806971439374,54,10,81,9
660,1,2,1,0.5833067395162226,38,87,67,7
661,3,0,0,0.8687223978854539,90,48,97,7
662,2,2,1,0.14454716814429996,28,20,92,4
663,0,0,2,0.8499853643257113,19,65,87,7
664,1,1,3,0.8595321513505516,90,62,21,5
665,0,2,3,0.35641721937786475,40,82,65,4
666,0,0,3,0.5165667595142656,53,27,43,8
667,1,1,3,0.4946846396836919,19,16,5,6
668,3,2,0,0.29665885091871724,18,5,41,7
669,0,1,3,0.45711716237768485,83,18,24,0
670,2,2,3,0.139948994953769,98,55,56,1
671,0,1,3,0.35003986550356103,65,27,84,7
672,1,1,3,0.8350139579056463,29,65,54,8
673,1,0,2,0.3561060715866078,52,37,15,3
674,1,1,3,0.8363860018734228,33,36,94,9
675,3,2,2,0.5784395181439878,21,67,13,9
676,0,2,0,0.891876409625044,66,85,38,8
677,3,0,1,0.6173015988379736,5,89,27,3
678,3,2,3,0.12670140075826583,78,48,95,9
679,1,2,1,0.7078781867923802,26,42,91,9
680,1,2,1,0.1403682112212118,9,35,50,9
681,3,1,0,0.5055373170848206,72,57,48,8
682,0,1,1,0.9364840250258026,96,12,8,6
683,2,2,2,0.24868354540406515,95,51,57,1
684,3,0,1,0.4508851176473897,47,57,44,8
685,0,1,1,0.7568742779636306,69,31,21,3
686,1,0,1,0.8940327004853629,58,80,31,7
687,1,2,3,0.7038487042682571,99,99,68,6
688,0,2,3,0.33235592877205233,58,59,86,6
689,2,1,2,0.7071470676245946,1,82,68,7
690,1,2,2,0.367054876993681,28,57,41,0
691,1,1,3,0.7465863068368617,67,98,52,4
692,1,2,2,0.9586298148265365,64,55,95,1
693,0,2,3,0.7492541059956594,82,27,58,1
694,3,1,0,0.8765924526211711,25,0,73,0
695,1,1,1,0.10189345885829508,88,41,38,4
696,3,1,1,0.7458149122584349,9,81,14,1
697,2,2,2,0.8466288011787253,52,47,70,3
698,1,2,3,0.13650286379021329,78,39,28,2
699,1,0,3,0.8844379545594075,58,96,2,2
700,2,1,2,0.3310248054790413,21,62,82,1
701,1,2,3,0.6987628917802496,50,75,9,5
702,3,2,0,0.820319391121066,47,71,91,1
703,0,1,1,0.6963980617534199,20,87,28,7
704,3,0,2,0.18305631286593152,21,79,78,7
705,0,1,2,0.6366893669743315,99,3,34,4
706,0,0,3,0.5946252910499292,97,37,5,9
707,3,2,2,0.9102891412668443,29,26,11,6
708,3,0,0,0.46381575667978825,24,8,37,3
709,3,2,3,0.3889729873783452,27,15,76,0
710,3,1,3,0.7748656879928196,64,55,92,1
711,2,1,3,0.471407793475057,44,75,18,9
712,1,1,3,0.6814865575045567,67,30,66,9
713,0,0,0,0.6818050811121462,6,87,7,3
714,3,2,3,0.899235157924106,48,13,7,0
715,3,1,2,0.6388231620871876,8,24,83,7
716,3,1,0,0.5519382489657882,35,33,46,8
717,2,2,1,0.2249841937568653,82,66,3,3
718,3,1,1,0.20416384601083482,0,23,50,9
719,3,2,2,0.23888940875477147,9,72,84,2
720,3,2,2,0.25466363319438506,35,25,66,1
721,1,2,0,0.6740893833972705,72,19,44,4
722,2,2,1,0.7668831252471207,45,63,7,2
723,3,2,1,0.5769923706337768,31,9,86,9
724,0,0,1,0.846115959290942,31,82,15,6
725,0,1,1,0.9921369040602699,5,66,76,5
726,0,0,1,0.8380113662074204,47,23,66,0
727,2,1,3,0.7253941363083632,37,4,8,7
728,2,0,2,0.579243429493432,16,66,59,1
729,0,2,3,0.5039677645072375,73,57,77,4
730,3,1,1,0.17595314249008812,26,26,76,8
731,2,1,0,0.45943187355522186,53,79,70,7
732,0,0,0,0.9191211731039208,49,14,14,1
733,0,0,1,0.8272203669158976,34,34,70,8
734,3,1,1,0.2944462285105185,84,75,97,4
735,1,0,0,0.5199470062274943,24,52,40,9
736,2,0,3,0.8350508823026901,27,43,21,5
737,3,0,3,0.16064609930697027,14,25,23,2
738,0,2,1,0.4486533271017934,3,46,43,2
739,0,2,3,0.8666571131865529,92,33,0,9
740,3,0,0,0.4635080777531114,72,86,9,7
741,2,0,3,0.16985318025829677,26,94,79,9
742,1,2,1,0.5882809316790263,25,49,71,9
743,1,2,0,0.8755682454264658,18,83,55,1
744,0,1,3,0.6312569886578437,91,11,88,1
745,2,1,2,0.30365119739280866,16,86,49,4
746,1,2,0,0.4458156581236432,42,3,11,5
747,2,0,0,0.505111025063739,40,86,88,1
748,2,0,2,0.6213397184384741,41,47,80,4
749,0,0,2,0.7834159231773518,49,54,59,6
750,1,0,0,0.18898625587657186,83,0,25,9
751,3,1,2,0.9006868297158097,39,88,77,9
752,0,2,1,0.11107873271446804,38,65,40,7
753,1,0,1,0.43304710120682977,22,29,35,6
754,1,1,1,0.1246782789753919,95,2,22,7
755,1,0,0,0.45367680281076217,51,20,42,8
756,1,2,2,0.5732313389859914,46,88,5,4
757,1,1,2,0.5605132479233605,62,83,68,4
758,2,2,3,0.24906551232543883,96,48,42,9
759,0,2,3,0.681166459086051,68,85,24,3
760,2,1,2,0.14030060545420142,42,84,17,8
761,3,1,2,0.7857161381191738,47,61,61,4
762,1,1,2,0.9519799905941916,33,96,12,1
763,0,1,0,0.4057919444360061,39,37,42,9
764,1,1,2,0.5655154435428987,74,14,77,7
765,0,1,3,0.441019250252933,60,51,27,6
766,2,1,0,0.10603935127365396,49,78,17,7
767,0,0,2,0.4472870526056043,66,45,58,2
768,3,2,3,0.8125482333352119,61,24,59,3
769,3,1,0,0.6363899579651336,57,20,62,4
770,0,0,2,0.19113392315364303,32,87,56,5
771,0,0,2,0.8624255407244066,74,4,91,0
772,0,0,2,0.5779768103967186,15,69,50,3
773,0,2,0,0.8575510255702085,81,46,55,9
774,3,1,3,0.6221993669065264,93,86,26,4
775,1,0,3,0.6037196003541458,47,67,31,6
776,0,2,1,0.19473326667731117,9,90,8,4
777,0,2,2,0.25062375982476515,81,17,95,0
778,3,2,1,0.9748227308469319,37,20,83,6
779,3,0,1,0.3056380720792937,18,91,91,7
780,2,1,3,0.9797069061913312,35,98,96,6
781,0,0,0,0.578721435871837,58,85,67,3
782,2,0,0,0.22221014235754344,62,22,45,7
783,3,1,3,0.18937198247832365,76,63,97,4
784,3,1,0,0.28797766363516597,45,66,66,9
785,1,1,1,0.9330735970228022,2,39,25,8
786,0,2,2,0.4727352018954041,73,9,7,9
787,2,1,3,0.455890841193623,64,88,5,4
788,3,0,2,0.38188563496315664,90,51,79,0
789,3,1,0,0.23235566550992956,7,71,23,8
790,2,0,2,0.5390660774731658,50,74,47,4
791,1,2,0,0.21704300426002482,80,60,93,5
792,3,0,0,0.8519322127440948,72,63,44,3
793,0,0,1,0.4333572876477758,5,4,12,5
794,3,1,0,0.4373232110036167,88,52,68,7
795,0,1,1,0.5266057856348403,38,54,24,2
796,2,0,1,0.4997149418491764,59,36,19,4
797,0,1,1,0.9953721757533894,27,55,81,1
798,2,2,3,0.5908430090964722,96,58,81,1
799,0,2,3,0.17938153341088364,53,92,65,6
800,2,1,0,0.6461896074192369,36,68,73,9
801,0,2,1,0.23642586358289197,8,72,44,9
802,1,1,3,0.12784388025820778,81,58,46,9
803,0,0,1,0.9736679383095234,55,1,62,5
804,0,0,2,0.7961850023811075,58,64,75,3
805,1,2,2,0.9820980931723903,84,59,76,4
806,3,1,2,0.5300906032200182,1,50,54,0
807,3,1,0,0.5790317780340786,60,29,74,6
808,0,2,1,0.2515032603272172,57,10,18,7
809,1,0,2,0.32221668400082704,59,91,34,8
810,0,2,3,0.8546942934125453,39,75,52,7
811,2,0,2,0.42056708240583474,35,38,25,4
812,2,1,2,0.844133476416777,36,89,13,2
813,0,0,2,0.7381123518583286,78,76,44,9
814,3,2,0,0.259453832744679,91,71,43,8
815,3,1,3,0.556701729507768,17,62,87,5
816,0,2,1,0.7096485893668452,97,63,64,4
817,0,2,3,0.3115334933234426,62,60,50,2
818,2,0,1,0.8476196594680692,21,53,42,5
819,3,2,0,0.5903448917906682,10,91,85,2
820,0,0,0,0.2487178453983429,57,93,22,9
821,2,1,0,0.6246859835481422,56,72,55,5
822,3,0,0,0.9997424237403226,76,94,18,3
823,1,1,1,0.23546934249707221,3,57,81,1
824,2,0,2,0.8350812371075753,85,84,75,7
825,3,2,1,0.28657810286880214,6,55,54,3
826,3,0,3,0.8041494965140785,60,33,91,8
827,2,0,0,0.7611201308092719,53,30,91,6
828,1,1,0,0.37044044704038914,87,51,59,1
829,2,2,3,0.3932408058080048,67,88,58,3
830,3,0,1,0.8132692527666272,91,75,32,4
831,0,2,2,0.5153009606985814,78,0,18,2
832,0,0,2,0.7577362258406279,0,54,27,8
833,2,0,3,0.2331857326292513,54,21,51,4
834,3,2,2,0.8673020037113982,2,39,48,1
835,0,0,1,0.7397962450140873,77,0,36,2
836,3,2,1,0.9162485279513505,37,64,25,8
837,2,0,3,0.2191351411314752,0,62,98,6
838,0,1,1,0.6337130503245378,37,53,97,1
839,3,2,0,0.6392085265362927,84,41,98,8
840,0,0,3,0.41811466649210427,28,20,39,3
841,2,0,1,0.5126197821123321,4,78,79,8
842,3,1,3,0.13418340696086814,73,80,37,1
843,0,2,2,0.7712740347643108,91,21,76,9
844,2,0,1,0.5943902314628566,20,37,86,3
845,0,1,0,0.1519669466822564,70,98,53,4
846,0,0,1,0.712680303664437,66,79,21,1
847,1,2,3,0.5201038695080692,46,7,15,9
848,1,0,3,0.13101513348250002,83,61,27,0
849,2,0,1,0.9726469541632858,82,46,34,6
850,1,0,0,0.9542009287804964,34,16,59,9
851,2,0,0,0.5616121745324778,67,16,44,0
852,1,1,0,0.1843051786353192,68,89,45,7
853,0,1,3,0.7791590994387326,0,12,71,2
854,2,2,1,0.5427379900951561,67,16,54,9
855,2,1,2,0.37220273046044194,11,37,85,5
856,0,1,3,0.5422763597757011,59,80,84,6
857,2,2,0,0.570199730864918,26,77,25,9
858,2,1,1,0.6064405291201053,55,44,84,0
859,1,1,0,0.49710134228979386,22,5,24,5
860,2,2,2,0.645179772825151,24,34,64,6
861,3,2,0,0.9268612395457396,20,13,5,5
862,0,2,0,0.42604127838873207,60,71,22,3
863,1,0,2,0.7531448168979542,62,60,63,0
864,1,0,1,0.9050073011418089,51,14,86,8
865,3,2,3,0.5103813481839432,87,53,42,3
866,0,2,1,0.4991102527437137,24,26,22,6
867,0,2,2,0.6419052868193016,54,12,95,6
868,1,0,0,0.6322660834802393,45,30,29,1
869,2,0,1,0.8259304080936493,31,34,76,0
870,1,1,3,0.5288350454004634,54,59,17,7
871,0,1,2,0.996510654675497,95,5,86,7
872,3,2,1,0.15352441198055272,4,68,78,6
873,1,0,3,0.10285106372263157,35,85,96,7
874,0,0,2,0.6761784804036615,48,57,20,2
875,1,0,3,0.368591421125689,57,48,56,1
876,2,2,2,0.3163441498295354,38,22,22,6
877,1,1,0,0.38070917200385246,79,88,90,7
878,1,2,1,0.33044280859445885,96,33,44,0
879,0,1,3,0.12771104469440306,84,25,43,9
880,0,1,2,0.9743797381515298,60,46,81,8
881,0,2,3,0.29867093960750357,8,4,87,3
882,1,1,3,0.7606267863303756,5,89,46,3
883,2,1,1,0.7863367552247578,34,19,39,2
884,3,0,0,0.9363316582065063,38,5,50,5
885,3,1,3,0.12749451138404197,21,69,41,0
886,0,2,2,0.8848435046023069,40,58,6,5
887,0,2,2,0.5745035627558203,4,63,49,1
888,1,1,0,0.6692896989692451,41,17,47,8
889,3,0,2,0.6800232494089303,86,3,83,1
890,0,0,0,0.8378180244862548,80,16,90,6
891,2,1,2,0.40006658994319944,75,13,5,0
892,2,1,1,0.759746070873994,86,77,90,6
893,0,2,3,0.5757202987499774,79,12,8,4
894,0,1,1,0.814054612874813,66,6,56,7
895,3,0,3,0.9914914294931201,29,43,30,3
896,3,1,3,0.2805859156633851,56,14,20,9
897,1,2,3,0.9951837774039981,85,18,89,6
898,3,2,1,0.1808309388544966,72,62,39,5
899,2,2,3,0.10208579311433248,28,34,44,4
900,2,2,1,0.13974574256004815,36,80,76,3
901,0,2,0,0.40760416426308554,86,34,48,6
902,3,1,2,0.6696156976105907,12,18,86,4
903,1,1,2,0.16212658679906466,31,19,19,4
904,2,1,3,0.10509923307661055,45,99,91,0
905,2,1,1,0.9433819256129153,22,34,16,1
906,1,2,2,0.8397339723459367,44,31,27,4
907,1,0,1,0.828264854025128,16,47,40,2
908,2,1,1,0.8959818479517794,84,43,65,1
909,2,0,3,0.7300308454948939,65,23,24,3
910,1,1,2,0.1939637167732733,5,60,57,3
911,2,1,3,0.4591901692663508,17,16,40,3
912,0,0,3,0.7508345378181666,93,70,5,3
913,0,2,2,0.35230101471236885,21,49,74,2
914,1,1,2,0.7186657277226138,32,64,37,6
915,3,1,0,0.12204860344088712,29,98,5,8
916,1,1,0,0.3755236067916339,80,31,44,4
917,1,0,1,0.5942173026494554,31,35,74,3
918,3,2,2,0.6688808465556181,41,12,13,1
919,3,0,0,0.6193365980157197,77,69,65,1
920,3,0,1,0.7279806484660866,9,57,39,4
921,0,2,1,0.10547987341585517,35,13,2,6
922,2,0,1,0.19084707997976935,33,36,98,9
923,0,2,0,0.8820498270512306,72,78,96,9
924,2,1,2,0.7135737796811451,27,67,23,8
925,0,2,3,0.20163847841741017,10,39,18,6
926,2,1,1,0.8578669936587213,77,58,17,4
927,0,0,0,0.3180080960421102,38,79,63,9
928,3,0,0,0.5304338957757011,46,91,87,9
929,1,1,3,0.23067686159619427,18,15,34,9
930,0,0,3,0.739099050779536,14,61,61,5
931,2,2,0,0.700168978912841,27,3,0,2
932,3,1,2,0.29000122404952255,23,44,99,4
933,0,0,3,0.8770606901713016,71,89,24,7
934,0,1,0,0.46117542179774096,8,27,44,0
935,3,2,3,0.3632635819636676,46,95,48,0
936,0,2,2,0.2370966305180819,32,65,97,6
937,1,0,1,0.3395512112639837,61,30,88,4
938,0,2,3,0.11982422910143531,96,2,15,4
939,1,1,2,0.624931743210504,18,7,97,0
940,1,2,0,0.858007671709553,66,23,92,8
941,3,1,3,0.5940824044974776,73,14,18,0
942,0,1,3,0.29734656573148815,39,42,22,4
943,3,2,0,0.13030226039248546,46,30,82,9
944,0,0,1,0.2931652659329226,64,72,24,8
945,0,2,0,0.47450928526398306,28,44,15,3
946,2,1,3,0.7836502858298168,49,65,53,7
947,0,1,0,0.2690585672839967,97,7,72,5
948,3,2,2,0.7478123080192175,12,70,0,2
949,1,0,0,0.8802401215166953,0,56,41,3
950,0,0,3,0.5085521632975214,33,79,18,1
951,2,1,0,0.839288792478334,92,98,96,0
952,3,1,1,0.5991916132315861,47,29,33,7
953,0,0,0,0.6733817533728145,76,73,79,0
954,3,2,1,0.5736506143043825,47,17,54,0
955,2,1,2,0.5168554450762076,48,68,17,3
956,2,1,1,0.31118809759826443,63,92,33,9
957,3,0,0,0.3728746535149414,60,38,88,9
958,0,2,3,0.3609731070492481,28,59,44,5
959,1,0,1,0.6069600378584332,38,97,5,8
960,2,2,2,0.20795832372150092,87,42,20,0
961,0,2,1,0.9251125216321016,25,44,69,6
962,0,2,1,0.7485896307548019,16,22,95,9
963,1,1,1,0.4613010678218743,70,68,47,4
964,2,0,2,0.2427617300737402,12,93,38,7
965,2,0,0,0.8937929527494722,68,5,30,6
966,0,2,1,0.8414002810910487,25,55,9,3
967,0,1,1,0.7495493974454613,48,3,29,3
968,1,1,3,0.34439234267011815,66,92,17,5
969,1,0,2,0.462201973690302,6,22,59,5
970,2,1,1,0.19247342720718102,57,5,87,8
971,3,1,2,0.2701355722547786,48,31,72,4
972,2,2,1,0.8047149735850596,52,17,94,7
973,0,1,0,0.7435348469656154,64,14,14,4
974,2,2,0,0.6341371866783412,61,39,3,1
975,3,0,1,0.9061540533335556,16,95,62,5
976,1,1,0,0.6249398660317409,42,72,39,8
977,3,0,1,0.5202711999672497,24,73,8,2
978,3,0,0,0.4063336716751864,2,83,8,0
979,3,1,3,0.9464036551625553,78,5,25,0
980,1,1,3,0.17444391537191817,28,62,3,2
981,3,0,3,0.9377986348547276,31,66,80,9
982,3,1,2,0.8440431939379165,25,10,15,4
983,3,2,2,0.21693693208213116,15,42,14,2
984,0,2,3,0.6084859219077282,24,16,98,8
985,3,1,2,0.8798931835741782,53,95,51,7
986,1,0,0,0.6146282472464384,27,3,68,2
987,3,1,1,0.91647983940456,72,62,4,8
988,3,1,1,0.9486854351344383,55,67,19,5
989,1,0,1,0.4801460699658753,64,80,78,6
990,3,0,3,0.43958229526569126,92,40,17,3
991,1,2,2,0.9426890385722412,85,82,1,3
992,3,0,0,0.7076260550347012,79,4,92,1
993,1,2,0,0.20442041321335236,40,31,12,4
994,3,0,3,0.13806257430041308,50,85,3,7
995,3,1,0,0.6081661458975368,70,69,41,6
996,0,2,0,0.9371538688945821,77,34,73,6
997,0,2,0,0.8598238321652365,28,21,60,5
998,3,2,0,0.7082629718179028,82,64,94,2
999,3,1,2,0.2252042640019788,18,83,7,4
1000,2,1,0,0.328808245373826,65,21,66,0
